,OBJECTID,PARKING_SPACE_ID,POST_ID,MS_PAY_STATION_ID,MS_SPACE_NUM,SENSOR_FLAG,ON_OFFSTREET_TYPE,OSP_ID,JURISDICTION,PM_DISTRICT_ID,BLOCKFACE_ID,ACTIVE_METER_FLAG,REASON_CODE,SMART_METER_FLAG,METER_TYPE,METER_VENDOR,METER_MODEL,CAP_COLOR,PCO_BEAT,OLD_RATE_AREA,STREET_ID,STREET_NAME,STREET_NUM,PARITY_DIGIT_POSITION,STREET_SEG_CTRLN_ID,ORIENTATION,LONGITUDE,LATITUDE,LEGISLATION_REF,LEGISLATION_DT,WORK_ORDER,COMMENTS,COLLECTION_ROUTE,COLLECTION_SUBROUTE,PMR_ROUTE,NFC_KEY,SPT_CODE,COLLECTION_ROUTE_DESC,COLLECTION_SUBROUTE_DESC,shape,Neighborhoods,SF Find Neighborhoods,Current Police Districts,Current Supervisor Districts,Analysis Neighborhoods,geometry,TILE,street_osmid,node1_osmid,node2_osmid,apart
0,5236012,120035,321-34180,321-34002,18,N,ON,0.0,SFMTA,22.0,321342,M,-,Y,MS,MacKay,Elite,Grey,606,Area 3,321.0,BALBOA ST,3418.0,2,2680000,0.0,-122.4956463014,37.7758606997,,,,,M-119,M-119,B-4,7UUL,,Balboa St: 3200 - 3600,Balboa St: 3200 - 3700,POINT (-122.495636 37.775856),8,8,8,4,29,"LINESTRING (43967.43360756812 26863.84003947808, 43978.5729733613 26871.33203046587)",6,396956434,4021168167,65349691,6.844612152316945
1,5232279,110633,321-37080,-,0,N,ON,0.0,SFMTA,22.0,321372,M,-,Y,SS,IPS,M5,Yellow,606,Area 3,321.0,BALBOA ST,3708.0,2,2683000,0.0,-122.4987736007,37.7757176989,,,,,119,119-2,B-4,4DZ8,,Balboa St: 3200 - 3600,Balboa (Outer),POINT (-122.498764 37.77571),8,8,8,4,29,"LINESTRING (43688.36901364887 26847.90401078338, 43703.0504429614 26855.59900274386)",6,225840316,65341548,65329573,6.845300630757675
2,5235146,117021,321-36010,-,0,N,ON,0.0,SFMTA,22.0,321361,U,U8,N,-,-,-,-,606,-,321.0,BALBOA ST,3601.0,2,2682000,180.0,-122.4974534006,37.7756406021,,,,,,,B-4,68C4,,,,POINT (-122.49744 37.775635),8,8,8,4,29,"LINESTRING (43824.21877968335 26855.6644754621, 43819.35561087119 26846.98196616798)",6,396956434,6913144674,65349691,8.393214170167717
3,5229479,111702,321-36110,-,0,N,ON,0.0,SFMTA,22.0,321361,T,UY,Y,SS,IPS,M5,Grey,606,Area 3,321.0,BALBOA ST,3611.0,2,2682000,180.0,-122.4976647551,37.7756308967,,,,,119,119-1,B-4,673I,,Balboa St: 3200 - 3600,Balboa (Outer),POINT (-122.49765 37.775627),8,8,8,4,29,"LINESTRING (43777.02225351708 26852.96930022991, 43800.73473028708 26845.91420241938)",6,225840316,6913144663,65296066,8.396783553710577
4,5230614,108578,321-35180,321-35004,18,N,ON,0.0,SFMTA,22.0,321352,M,-,Y,MS,MacKay,Elite,Grey,606,Area 3,321.0,BALBOA ST,3518.0,2,2681000,0.0,-122.4967212973,37.7758115985,,,,,M-119,M-119,B-4,77P9,,Balboa St: 3200 - 3600,Balboa St: 3200 - 3700,POINT (-122.49671 37.775806),8,8,8,4,29,"LINESTRING (43882.61747201681 26858.99828186158, 43883.86339261291 26865.92890325125)",6,396956434,6913144674,65349691,6.848398032624715
5,5238669,121425,321-32010,-,0,N,ON,0.0,SFMTA,22.0,321321,U,U1,N,-,-,-,-,606,-,321.0,BALBOA ST,3201.0,2,2678000,180.0,-122.4931716004,37.7758362022,,,,,,,B-4,3WWM,,,,POINT (-122.49316 37.775833),8,8,8,4,29,"LINESTRING (44160.30248257337 26874.81949057737, 44196.5922296934 26868.50946369764)",6,396956434,65333137,65299624,8.361781204457296
6,5229516,108574,138-06680,-,0,N,ON,0.0,SFMTA,22.0,138062,M,-,Y,SS,IPS,M5,Grey,606,Area 3,138.0,38TH AVE,668.0,2,1848000,90.0,-122.4983302986,37.7758591016,,,,,119,119-2,B-4,4CQ8,,Balboa St: 3200 - 3600,Balboa (Outer),POINT (-122.498314 37.775856),8,8,8,4,29,"LINESTRING (43729.61532467276 26954.14161500292, 43742.11342768765 26871.27344322934)",6,225840316,6913144663,65329573,7.737350028400799
7,5238191,126416,321-33060,-,0,N,ON,0.0,SFMTA,22.0,321332,M,-,Y,SS,IPS,M5,Grey,606,Area 3,321.0,BALBOA ST,3306.0,2,2679000,0.0,-122.4944237003,37.7759166014,,,,,119,119-2,B-4,6M92,,Balboa St: 3200 - 3600,Balboa (Outer),POINT (-122.49441 37.775913),8,8,8,4,29,"LINESTRING (44087.29669316481 26870.66927152633, 44086.2867579271 26877.48486770365)",6,396956434,6913144675,6913144662,6.861938278091173
8,5239383,101854,321-35160,321-35004,16,N,ON,0.0,SFMTA,22.0,321352,M,-,Y,MS,MacKay,Elite,Grey,606,Area 3,321.0,BALBOA ST,3516.0,2,2681000,0.0,-122.496684199,37.7758132973,,,,,M-119,M-119,B-4,77P9,,Balboa St: 3200 - 3600,Balboa St: 3200 - 3700,POINT (-122.49667 37.77581),8,8,8,4,29,"LINESTRING (43882.61747201681 26858.99828186158, 43887.1318394468 26866.11582625116)",6,396956434,6913144674,65349691,6.848839656759475
9,5230145,106894,321-33070,321-33001,7,N,ON,0.0,SFMTA,22.0,321331,M,-,Y,MS,MacKay,Elite,Grey,606,Area 3,321.0,BALBOA ST,3307.0,2,2679000,180.0,-122.494238002,37.7757874978,,,,,M-119,M-119,B-4,5XEL,,Balboa St: 3200 - 3600,Balboa St: 3200 - 3700,POINT (-122.494225 37.775784),8,8,8,4,29,"LINESTRING (44107.26504162888 26871.80303250739, 44102.63993986371 26863.14751466569)",6,396956434,6913144675,6913144662,8.380445655541084
10,5229321,103931,321-35230,-,0,N,ON,0.0,SFMTA,22.0,321351,M,-,Y,SS,IPS,M5,Grey,606,Area 3,321.0,BALBOA ST,3523.0,2,2681000,180.0,-122.4970606023,37.7756585003,,,,,119,119-1,B-4,4Y1G,,Balboa St: 3200 - 3600,Balboa (Outer),POINT (-122.49705 37.775654),8,8,8,4,29,"LINESTRING (43882.61747201681 26858.99828186158, 43853.96214091568 26848.95105727954)",6,396956434,6913144674,65349691,8.398640977286968
11,5238665,124831,321-35050,-,0,N,ON,0.0,SFMTA,22.0,321351,T,UY,Y,SS,IPS,M5,Grey,606,Area 3,321.0,BALBOA ST,3505.0,2,2681000,180.0,-122.496530799,37.7756827016,,,,,119,119-1,B-4,2CLK,,Balboa St: 3200 - 3600,Balboa (Outer),POINT (-122.49652 37.775677),8,8,8,4,29,"LINESTRING (43882.61747201681 26858.99828186158, 43900.63913701459 26851.6138803573)",6,396956434,6913144674,65349691,8.398965150968408
12,5239758,110620,321-34380,321-34004,38,N,ON,0.0,SFMTA,22.0,321342,M,-,Y,MS,MacKay,Elite,Grey,606,Area 3,321.0,BALBOA ST,3438.0,2,2680000,0.0,-122.4960381947,37.775842794,,,,,M-119,M-119,B-4,5HZ1,,Balboa St: 3200 - 3600,Balboa St: 3200 - 3700,POINT (-122.496025 37.775837),8,8,8,4,29,"LINESTRING (43967.43360756812 26863.84003947808, 43944.04629764619 26869.36154437111)",6,396956434,6913144674,65349691,6.846111893355035
13,5232549,115363,321-36250,-,0,N,ON,0.0,SFMTA,22.0,321361,M,UV,Y,SS,IPS,M5,Grey,606,Area 3,321.0,BALBOA ST,3625.0,2,2682000,180.0,-122.49810549,37.7756107462,,,,,119,119-1,B-4,5V4E,,Balboa St: 3200 - 3600,Balboa (Outer),POINT (-122.49809 37.775604),8,8,8,4,29,"LINESTRING (43777.02225351708 26852.96930022991, 43761.90482981724 26843.69751622794)",6,225840316,6913144663,65329573,8.393979530101173
14,5236229,124823,138-07010,-,0,N,ON,0.0,SFMTA,22.0,138071,U,U6,N,-,-,-,-,606,-,138.0,38TH AVE,701.0,2,1849000,270.0,-122.4984433984,37.7755083022,,,,,,,B-4,4S5S,,,,POINT (-122.49843 37.775505),8,8,8,4,29,"LINESTRING (43741.48090869663 26746.98914032299, 43732.12919833492 26832.34231197671)",6,225840316,6913144663,65329573,4.456884388419637
15,5234780,120147,321-36420,-,0,N,ON,0.0,SFMTA,22.0,321362,U,U1,N,-,-,-,-,606,-,321.0,BALBOA ST,3642.0,2,2682000,0.0,-122.4982511008,37.7757415985,,,,,,,B-4,32WS,,,,POINT (-122.49824 37.775738),8,8,8,4,29,"LINESTRING (43777.02225351708 26852.96930022991, 43749.0840053868 26858.22781632437)",6,225840316,6913144663,65329573,6.8442786035131915
16,5229375,106016,321-32170,-,0,N,ON,0.0,SFMTA,22.0,321321,M,-,Y,SS,IPS,M5,Grey,606,Area 3,321.0,BALBOA ST,3217.0,2,2678000,180.0,-122.4936802981,37.7758130011,,,,,119,119-1,B-4,4LM8,,Balboa St: 3200 - 3600,Balboa (Outer),POINT (-122.49367 37.775806),8,8,8,4,29,"LINESTRING (44160.30248257337 26874.81949057737, 44151.77487801597 26865.95511094132)",6,396956434,65333137,65299624,8.365528963080699
17,5236700,124835,321-37270,321-37003,27,N,ON,0.0,SFMTA,22.0,321371,M,-,Y,MS,MacKay,Elite,Grey,606,Area 3,321.0,BALBOA ST,3727.0,2,2683000,180.0,-122.4990240981,37.7755687417,,,,,M-119,M-119,B-4,46WL,,Balboa St: 3200 - 3600,Balboa St: 3200 - 3700,POINT (-122.49901 37.775562),8,8,8,4,29,"LINESTRING (43688.36901364887 26847.90401078338, 43680.97297898194 26839.07733038779)",6,225840316,65341548,65329573,8.390578605610996
18,5229921,103939,321-37070,321-37001,7,N,ON,0.0,SFMTA,22.0,321371,M,-,Y,MS,MacKay,Elite,Grey,606,Area 3,321.0,BALBOA ST,3707.0,2,2683000,180.0,-122.4986014355,37.7755880697,,,,,M-119,M-119,B-4,4FE5,,Balboa St: 3200 - 3600,Balboa St: 3200 - 3700,POINT (-122.49859 37.77558),8,8,8,4,29,"LINESTRING (43688.36901364887 26847.90401078338, 43718.21070532252 26841.20317063613)",6,225840316,6913144663,65329573,8.391582995063896
19,5235533,123548,321-35320,-,0,N,ON,0.0,SFMTA,22.0,321352,U,U5,N,-,-,-,-,606,-,321.0,BALBOA ST,3532.0,2,2681000,0.0,-122.4970061982,37.7757985004,,,,,,,B-4,3G10,,,,POINT (-122.496994 37.775795),8,8,8,4,29,"LINESTRING (43882.61747201681 26858.99828186158, 43858.7629503381 26864.4876814786)",6,396956434,6913144674,65349691,6.839292374830246
20,5234297,118004,321-36320,321-36004,32,N,ON,0.0,SFMTA,22.0,321362,M,-,Y,MS,MacKay,Elite,Grey,606,Area 3,321.0,BALBOA ST,3632.0,2,2682000,0.0,-122.4980420002,37.7757511985,,,,,M-119,M-119,B-4,2HY5,,Balboa St: 3200 - 3600,Balboa St: 3200 - 3700,POINT (-122.49803 37.775745),8,8,8,4,29,"LINESTRING (43777.02225351708 26852.96930022991, 43767.50629069565 26859.28386668486)",6,225840316,6913144663,65329573,6.847316765534707
21,5233847,120138,138-06660,-,0,N,ON,0.0,SFMTA,22.0,138062,M,-,Y,SS,IPS,M5,Grey,606,Area 3,138.0,38TH AVE,666.0,2,1848000,90.0,-122.4983348025,37.775921502,,,,,119,119-2,B-4,448O,,Balboa St: 3200 - 3600,Balboa (Outer),POINT (-122.49832 37.775917),8,8,8,4,29,"LINESTRING (43729.61532467276 26954.14161500292, 43741.72021440647 26878.19965755202)",6,225840316,6913144663,65329573,7.740979195842661
22,5235534,123549,321-36130,-,0,N,ON,0.0,SFMTA,22.0,321361,T,UY,Y,SS,IPS,M5,Grey,606,Area 3,321.0,BALBOA ST,3613.0,2,2682000,180.0,-122.4977311006,37.7756278634,,,,,119,119-1,B-4,3W8C,,Balboa St: 3200 - 3600,Balboa (Outer),POINT (-122.49772 37.775623),8,8,8,4,29,"LINESTRING (43777.02225351708 26852.96930022991, 43794.88951910665 26845.58050800264)",6,225840316,6913144663,65296066,8.396369734586678
23,5233985,120036,138-06610,-,0,N,ON,0.0,SFMTA,22.0,138061,M,-,Y,SS,IPS,M5,Grey,606,Area 3,138.0,38TH AVE,661.0,2,1848000,270.0,-122.4984730983,37.775916702,,,,,119,119-2,B-4,5M94,,Balboa St: 3200 - 3600,Balboa (Outer),POINT (-122.49846 37.775913),8,8,8,4,29,"LINESTRING (43729.61532467276 26954.14161500292, 43729.53612426746 26877.67319624688)",6,225840316,6913144663,65329573,4.453275528474805
24,5235354,124753,321-34210,-,0,N,ON,0.0,SFMTA,22.0,321341,M,-,Y,SS,IPS,M5,Grey,606,Area 3,321.0,BALBOA ST,3421.0,2,2680000,180.0,-122.4959101973,37.7757110995,,,,,119,119-1,B-4,5B2W,,Balboa St: 3200 - 3600,Balboa (Outer),POINT (-122.495895 37.775707),8,8,8,4,29,"LINESTRING (43967.43360756812 26863.84003947808, 43955.31566315036 26854.73883083376)",6,396956434,4021168167,65349691,8.395410988381327
25,5237681,127248,321-32260,-,0,N,ON,0.0,SFMTA,22.0,321322,M,-,Y,SS,IPS,M5,Grey,606,Area 3,321.0,BALBOA ST,3226.0,2,2678000,0.0,-122.4939772019,37.7759369974,,,,,119,119-2,B-4,3JSE,,Balboa St: 3200 - 3600,Balboa (Outer),POINT (-122.493965 37.775932),8,8,8,4,29,"LINESTRING (44160.30248257337 26874.81949057737, 44125.6241850304 26879.73009239673)",6,396956434,6913144675,6913144662,6.87305592265905
26,5231618,106020,321-34100,321-34002,10,N,ON,0.0,SFMTA,22.0,321342,M,-,Y,MS,MacKay,Elite,Grey,606,Area 3,321.0,BALBOA ST,3410.0,2,2680000,0.0,-122.4954887999,37.7758679026,,,,,M-119,M-119,B-4,7UUL,,Balboa St: 3200 - 3600,Balboa St: 3200 - 3700,POINT (-122.495476 37.775864),8,8,8,4,29,"LINESTRING (43967.43360756812 26863.84003947808, 43992.44920322035 26872.1247420605)",6,396956434,4021168167,65349683,6.844783725648399
27,5229480,111703,321-36340,321-36004,34,N,ON,0.0,SFMTA,22.0,321362,M,-,Y,MS,MacKay,Elite,Grey,606,Area 3,321.0,BALBOA ST,3634.0,2,2682000,0.0,-122.4980778021,37.7757496004,,,,,M-119,M-119,B-4,2HY5,,Balboa St: 3200 - 3600,Balboa St: 3200 - 3700,POINT (-122.49806 37.775745),8,8,8,4,29,"LINESTRING (43777.02225351708 26852.96930022991, 43764.35205679289 26859.10810942011)",6,225840316,6913144663,65329573,6.8518463042312705
28,5229665,107321,137-07050,-,0,N,ON,0.0,SFMTA,22.0,137071,M,-,Y,SS,IPS,M5,Grey,606,Area 3,137.0,37TH AVE,705.0,2,1823000,270.0,-122.4973645022,37.775434899,,,,,119,119-1,B-4,68MO,,Balboa St: 3200 - 3600,Balboa (Outer),POINT (-122.49735 37.77543),8,8,8,4,29,"LINESTRING (43835.82227408583 26752.36293662785, 43827.17599825834 26824.14638813418)",6,8916406,65296069,65296066,4.564900246542688
29,5235142,117011,321-33150,321-33001,15,N,ON,0.0,SFMTA,22.0,321331,M,-,Y,MS,MacKay,Elite,Grey,606,Area 3,321.0,BALBOA ST,3315.0,2,2679000,180.0,-122.4944481028,37.7757778977,,,,,M-119,M-119,B-4,5XEL,,Balboa St: 3200 - 3600,Balboa St: 3200 - 3700,POINT (-122.49444 37.775772),8,8,8,4,29,"LINESTRING (44087.29669316481 26870.66927152633, 44084.12958968613 26862.09074587604)",6,396956434,6913144675,6913144662,8.384896189053622
30,5233486,113270,137-07040,-,0,N,ON,0.0,SFMTA,22.0,137072,M,-,Y,SS,IPS,M5,Grey,606,Area 3,137.0,37TH AVE,704.0,2,1823000,90.0,-122.497233398,37.7755389017,,,,,119,119-1,B-4,60WW,,Balboa St: 3200 - 3600,Balboa (Outer),POINT (-122.49722 37.775536),8,8,8,4,29,"LINESTRING (43835.82227408583 26752.36293662785, 43838.73213975304 26835.68412091711)",6,396956434,6913144674,65349691,7.626440034608107
31,5239442,104396,137-06690,-,0,N,ON,0.0,SFMTA,22.0,137061,M,-,Y,SS,IPS,M5,Grey,606,Area 3,137.0,37TH AVE,669.0,2,1822000,270.0,-122.4974004996,37.7758487974,,,,,119,119-2,B-4,30W0,,Balboa St: 3200 - 3600,Balboa (Outer),POINT (-122.49739 37.775845),8,8,8,4,29,"LINESTRING (43824.06886337186 26959.53186605287, 43824.02789975405 26870.08782887426)",6,396956434,6913144674,65349691,5.105352186086763
32,5232830,114113,321-34400,321-34004,40,N,ON,0.0,SFMTA,22.0,321342,M,-,Y,MS,MacKay,Elite,Grey,606,Area 3,321.0,BALBOA ST,3440.0,2,2680000,0.0,-122.4960749017,37.7758410972,,,,,M-119,M-119,B-4,5HZ1,,Balboa St: 3200 - 3600,Balboa St: 3200 - 3700,POINT (-122.49606 37.775837),8,8,8,4,29,"LINESTRING (43967.43360756812 26863.84003947808, 43940.81232696734 26869.17480380087)",6,396956434,6913144674,65349691,6.844082603035237
33,5238055,126435,321-37250,321-37003,25,N,ON,0.0,SFMTA,22.0,321371,M,-,Y,MS,MacKay,Elite,Grey,606,Area 3,321.0,BALBOA ST,3725.0,2,2683000,180.0,-122.4989821986,37.7755706577,,,,,M-119,M-119,B-4,46WL,,Balboa St: 3200 - 3600,Balboa St: 3200 - 3700,POINT (-122.49897 37.775566),8,8,8,4,29,"LINESTRING (43688.36901364887 26847.90401078338, 43684.66443992822 26839.2880590772)",6,225840316,65341548,65329573,8.39068887017854
34,5237016,122695,321-35250,-,0,N,ON,0.0,SFMTA,22.0,321351,M,-,Y,SS,IPS,M5,Grey,606,Area 3,321.0,BALBOA ST,3525.0,2,2681000,180.0,-122.4971201976,37.7756558013,,,,,119,119-1,B-4,38B8,,Balboa St: 3200 - 3600,Balboa (Outer),POINT (-122.49711 37.77565),8,8,8,4,29,"LINESTRING (43882.61747201681 26858.99828186158, 43848.71164529426 26848.65413045983)",6,396956434,6913144674,65349691,8.396005980803027
35,5232831,114114,138-06620,-,0,N,ON,0.0,SFMTA,22.0,138062,M,-,Y,SS,IPS,M5,Grey,606,Area 3,138.0,38TH AVE,662.0,2,1848000,90.0,-122.4983434973,37.7760411006,,,,,119,119-2,B-4,3OT4,,Balboa St: 3200 - 3600,Balboa (Outer),POINT (-122.49833 37.776035),8,8,8,4,29,"LINESTRING (43729.61532467276 26954.14161500292, 43740.96106656791 26891.47466427655)",6,8918512,65329573,65308567,7.742441458742354
36,5237217,128162,138-06690,-,0,N,ON,0.0,SFMTA,22.0,138061,M,-,Y,SS,IPS,M5,Grey,606,Area 3,138.0,38TH AVE,669.0,2,1848000,270.0,-122.4984641017,37.7757933986,,,,,119,119-2,B-4,2FA8,,Balboa St: 3200 - 3600,Balboa (Outer),POINT (-122.49845 37.775787),8,8,8,4,29,"LINESTRING (43729.61532467276 26954.14161500292, 43730.32163047387 26863.98696799564)",6,225840316,6913144663,65329573,4.45194559059389
37,5230363,109459,137-07080,-,0,N,ON,0.0,SFMTA,22.0,137072,M,-,Y,SS,IPS,M5,Grey,606,Area 3,137.0,37TH AVE,708.0,2,1823000,90.0,-122.4972242003,37.7754126982,,,,,119,119-1,B-4,4JO8,,Balboa St: 3200 - 3600,Balboa (Outer),POINT (-122.49721 37.775406),8,8,8,4,29,"LINESTRING (43835.82227408583 26752.36293662785, 43839.53538588597 26821.67600432034)",6,8916406,65296069,65296066,7.634650147144463
38,5237065,121693,321-35100,321-35002,10,N,ON,0.0,SFMTA,22.0,321352,M,-,Y,MS,MacKay,Elite,Grey,606,Area 3,321.0,BALBOA ST,3510.0,2,2681000,0.0,-122.4965448023,37.7758196005,,,,,M-119,M-119,B-4,I57X,,Balboa St: 3200 - 3600,Balboa St: 3200 - 3700,POINT (-122.49653 37.775814),8,8,8,4,29,"LINESTRING (43882.61747201681 26858.99828186158, 43899.41300837138 26866.80931702615)",6,396956434,6913144674,65349691,6.841642210383411
39,5228230,101862,321-37170,321-37001,17,N,ON,0.0,SFMTA,22.0,321371,M,-,Y,MS,MacKay,Elite,Yellow,606,Area 3,321.0,BALBOA ST,3717.0,2,2683000,180.0,-122.4988102592,37.7755785204,,,,,M-119,M-119,B-4,4FE5,,Balboa St: 3200 - 3600,Balboa St: 3200 - 3700,POINT (-122.498795 37.775574),8,8,8,4,29,"LINESTRING (43688.36901364887 26847.90401078338, 43699.8127709745 26840.15284508743)",6,225840316,65341548,65329573,8.391104616035099
40,5239594,100252,321-37090,321-37001,9,N,ON,0.0,SFMTA,22.0,321371,M,-,Y,MS,MacKay,Elite,Grey,606,Area 3,321.0,BALBOA ST,3709.0,2,2683000,180.0,-122.4986471903,37.7755859774,,,,,M-119,M-119,B-4,4FE5,,Balboa St: 3200 - 3600,Balboa St: 3200 - 3700,POINT (-122.498634 37.77558),8,8,8,4,29,"LINESTRING (43688.36901364887 26847.90401078338, 43714.17958375242 26840.9730354953)",6,225840316,6913144663,65329573,8.391479331174772
41,5239783,115357,136-06650,-,0,N,ON,0.0,SFMTA,22.0,136061,M,-,Y,SS,IPS,M5,Grey,606,Area 3,136.0,36TH AVE,665.0,2,1792000,270.0,-122.496326599,37.7759580974,,,,-,119,119-2,B-4,3UZC,,Balboa St: 3200 - 3600,Balboa (Outer),POINT (-122.496315 37.77595),8,8,8,4,29,"LINESTRING (43918.48703015488 26964.90656829409, 43918.64428667049 26882.171963211)",6,396956434,6913144674,65349691,4.536260374143708
42,5235008,117022,321-36150,-,0,N,ON,0.0,SFMTA,22.0,321361,T,UY,Y,SS,IPS,M5,Grey,606,Area 3,321.0,BALBOA ST,3615.0,2,2682000,180.0,-122.4977901443,37.7756251639,,,,,119,119-1,B-4,B7Y2,,Balboa St: 3200 - 3600,Balboa (Outer),POINT (-122.49778 37.77562),8,8,8,4,29,"LINESTRING (43777.02225351708 26852.96930022991, 43789.68761510157 26845.2835384949)",6,225840316,6913144663,65329573,8.396001999618186
43,5232523,118882,321-35060,321-35002,6,N,ON,0.0,SFMTA,22.0,321352,M,-,Y,MS,MacKay,Elite,Grey,606,Area 3,321.0,BALBOA ST,3506.0,2,2681000,0.0,-122.4964689014,37.7758230985,,,,,M-119,M-119,B-4,I57X,,Balboa St: 3200 - 3600,Balboa St: 3200 - 3700,POINT (-122.49645 37.775818),8,8,8,4,29,"LINESTRING (43882.61747201681 26858.99828186158, 43906.10005446697 26867.19424575866)",6,396956434,6913144674,65349691,6.845037186228374
44,5231768,111049,321-36400,321-36004,40,N,ON,0.0,SFMTA,22.0,321362,M,-,Y,MS,MacKay,Elite,Grey,606,Area 3,321.0,BALBOA ST,3640.0,2,2682000,0.0,-122.498212002,37.7757433978,,,,,M-119,M-119,B-4,2HY5,,Balboa St: 3200 - 3600,Balboa St: 3200 - 3700,POINT (-122.4982 37.775738),8,8,8,4,29,"LINESTRING (43777.02225351708 26852.96930022991, 43752.52870796389 26858.42574981928)",6,225840316,6913144663,65329573,6.845313190361396
45,5234233,117992,321-32240,-,0,N,ON,0.0,SFMTA,22.0,321322,M,-,Y,SS,IPS,M5,Grey,606,Area 3,321.0,BALBOA ST,3224.0,2,2678000,0.0,-122.493899401,37.775940501,,,,,119,119-2,B-4,AEPA,,Balboa St: 3200 - 3600,Balboa (Outer),POINT (-122.49389 37.775936),8,8,8,4,29,"LINESTRING (44160.30248257337 26874.81949057737, 44132.47859945071 26880.11574768827)",6,396956434,6913144662,65299624,6.868627010843955
46,5235338,118876,321-34130,-,0,N,ON,0.0,SFMTA,22.0,321341,M,UV,Y,SS,IPS,M5,Grey,606,Area 3,321.0,BALBOA ST,3413.0,2,2680000,180.0,-122.4957115015,37.7757202023,,,,,119,119-1,B-4,8AC0,,Balboa St: 3200 - 3600,Balboa (Outer),POINT (-122.4957 37.775715),8,8,8,4,29,"LINESTRING (43967.43360756812 26863.84003947808, 43972.82124033981 26855.74060444131)",6,396956434,4021168167,65349691,8.39347016360639
47,5235143,117012,321-33190,321-33001,19,N,ON,0.0,SFMTA,22.0,321331,M,-,Y,MS,MacKay,Elite,Grey,606,Area 3,321.0,BALBOA ST,3319.0,2,2679000,180.0,-122.4946206973,37.7757700019,,,,,M-119,M-119,B-4,5XEL,,Balboa St: 3200 - 3600,Balboa St: 3200 - 3700,POINT (-122.494606 37.775764),8,8,8,4,29,"LINESTRING (44050.17484438527 26868.56148475659, 44068.92362429448 26861.22160706806)",6,396956434,6913144675,6913144662,8.390013908996927
48,5231275,115401,321-34110,-,0,N,ON,0.0,SFMTA,22.0,321341,M,-,Y,SS,IPS,M5,Grey,606,Area 3,321.0,BALBOA ST,3411.0,2,2680000,180.0,-122.4956331977,37.7757238009,,,,,119,119-1,B-4,3KKW,,Balboa St: 3200 - 3600,Balboa (Outer),POINT (-122.49562 37.77572),8,8,8,4,29,"LINESTRING (43967.43360756812 26863.84003947808, 43979.7199926105 26856.13665535703)",6,396956434,4021168167,65349691,8.391444225386143
49,5235834,124548,321-34060,321-34002,6,N,ON,0.0,SFMTA,22.0,321342,M,-,Y,MS,MacKay,Elite,Grey,606,Area 3,321.0,BALBOA ST,3406.0,2,2680000,0.0,-122.4954077022,37.7758716018,,,,,M-119,M-119,B-4,7UUL,,Balboa St: 3200 - 3600,Balboa St: 3200 - 3700,POINT (-122.49539 37.775867),8,8,8,4,29,"LINESTRING (43967.43360756812 26863.84003947808, 43999.59408805577 26872.5318558052)",6,396956434,6913144675,4021168166,6.843819524517015
50,5237386,128440,321-35040,321-35002,4,N,ON,0.0,SFMTA,22.0,321352,M,-,Y,MS,MacKay,Elite,Grey,606,Area 3,321.0,BALBOA ST,3504.0,2,2681000,0.0,-122.4964371005,37.7758246017,,,,,M-119,M-119,B-4,I57X,,Balboa St: 3200 - 3600,Balboa St: 3200 - 3700,POINT (-122.49642 37.775818),8,8,8,4,29,"LINESTRING (43882.61747201681 26858.99828186158, 43908.90178971973 26867.35969903715)",6,396956434,6913144674,65349691,6.850628860339605
51,5233813,113258,321-32040,-,0,N,ON,0.0,SFMTA,22.0,321322,M,-,Y,SS,IPS,M5,Grey,606,Area 3,321.0,BALBOA ST,3204.0,2,2678000,0.0,-122.4932761004,37.7759689995,,,,,119,119-2,B-4,7ZIE,,Balboa St: 3200 - 3600,Balboa (Outer),POINT (-122.49326 37.775963),8,8,8,4,29,"LINESTRING (44160.30248257337 26874.81949057737, 44187.39262377039 26883.25329228559)",6,396956434,65333137,65299624,6.88094132018823
52,5227952,100926,137-07030,-,0,N,ON,0.0,SFMTA,22.0,137071,M,-,Y,SS,IPS,M5,Yellow,606,Area 3,137.0,37TH AVE,703.0,2,1823000,270.0,-122.4973682014,37.7754866992,,,,,119,119-1,B-4,5T74,,Balboa St: 3200 - 3600,Balboa (Outer),POINT (-122.49735 37.775482),8,8,8,4,29,"LINESTRING (43835.82227408583 26752.36293662785, 43826.85300953195 26829.89601372863)",6,396956434,6913144674,65296066,4.561577540997441
53,5227692,100253,321-37130,321-37001,13,N,ON,0.0,SFMTA,22.0,321371,M,-,Y,MS,MacKay,Elite,Grey,606,Area 3,321.0,BALBOA ST,3713.0,2,2683000,180.0,-122.4987342259,37.7755819973,,,,,M-119,M-119,B-4,4FE5,,Balboa St: 3200 - 3600,Balboa St: 3200 - 3700,POINT (-122.49872 37.775578),8,8,8,4,29,"LINESTRING (43688.36901364887 26847.90401078338, 43706.51151147389 26840.53526382327)",6,225840316,65341548,65329573,8.391286582040898
54,5229538,106024,321-36100,321-36002,10,N,ON,0.0,SFMTA,22.0,321362,M,-,Y,MS,MacKay,Elite,Grey,606,Area 3,321.0,BALBOA ST,3610.0,2,2682000,0.0,-122.4976666027,37.7757683982,,,,,M-119,M-119,B-4,6ZZH,,Balboa St: 3200 - 3600,Balboa St: 3200 - 3700,POINT (-122.49765 37.775764),8,8,8,4,29,"LINESTRING (43777.02225351708 26852.96930022991, 43800.57973441677 26861.1759925357)",6,396956434,6913144674,65296066,6.848980867177047
55,5228341,102217,321-33040,-,0,N,ON,0.0,SFMTA,22.0,321332,U,U1,N,-,-,-,-,606,-,321.0,BALBOA ST,3304.0,2,2679000,0.0,-122.4943426975,37.7759203006,,,,-,,,B-4,6JU0,,,,POINT (-122.49433 37.775917),8,8,8,4,29,"LINESTRING (44087.29669316481 26870.66927152633, 44093.42327271665 26877.89206677273)",6,396956434,6913144675,6913144662,6.863344107142322
56,5236030,127251,321-34160,321-34002,16,N,ON,0.0,SFMTA,22.0,321342,M,-,Y,MS,MacKay,Elite,Grey,606,Area 3,321.0,BALBOA ST,3416.0,2,2680000,0.0,-122.4956031011,37.7758627002,,,,,M-119,M-119,B-4,7UUL,,Balboa St: 3200 - 3600,Balboa St: 3200 - 3700,POINT (-122.49559 37.775856),8,8,8,4,29,"LINESTRING (43967.43360756812 26863.84003947808, 43982.3790167766 26871.55221550184)",6,396956434,4021168167,65349683,6.8474107666871475
57,5239651,122576,321-33230,321-33001,23,N,ON,0.0,SFMTA,22.0,321331,M,-,Y,MS,MacKay,Elite,Grey,606,Area 3,321.0,BALBOA ST,3323.0,2,2679000,180.0,-122.4947454209,37.7757643278,,,,,M-119,M-119,B-4,5XEL,,Balboa St: 3200 - 3600,Balboa St: 3200 - 3700,POINT (-122.494736 37.77576),8,8,8,4,29,"LINESTRING (44050.17484438527 26868.56148475659, 44057.93519301072 26860.59707086104)",6,396956434,6913144675,6913144662,8.391169828828982
58,5238271,126426,321-35190,-,0,N,ON,0.0,SFMTA,22.0,321351,M,-,Y,SS,IPS,M5,Grey,606,Area 3,321.0,BALBOA ST,3519.0,2,2681000,180.0,-122.4969213007,37.7756648985,,,,,119,119-1,B-4,4UCG,,Balboa St: 3200 - 3600,Balboa (Outer),POINT (-122.49691 37.77566),8,8,8,4,29,"LINESTRING (43882.61747201681 26858.99828186158, 43866.23496525874 26849.65504716271)",6,396956434,6913144674,65349691,8.39488103689967
59,5229515,108573,321-34240,-,0,N,ON,0.0,SFMTA,22.0,321342,U,U4,N,-,-,-,-,606,-,321.0,BALBOA ST,3424.0,2,2680000,0.0,-122.4957730023,37.7758548994,,,,,,,B-4,3T2G,,,,POINT (-122.49576 37.77585),8,8,8,4,29,"LINESTRING (43967.43360756812 26863.84003947808, 43967.41034207524 26870.6936926673)",6,396956434,4021168167,65349691,6.843828410553551
60,5230076,104402,321-35340,-,0,N,ON,0.0,SFMTA,22.0,321352,U,U9,N,-,-,-,-,606,-,321.0,BALBOA ST,3534.0,2,2681000,0.0,-122.4970475992,37.7757966005,,,,,,,B-4,3NQS,,,,POINT (-122.49703 37.77579),8,8,8,4,29,"LINESTRING (43882.61747201681 26858.99828186158, 43855.11542389763 26864.27863969865)",6,396956434,6913144674,65349691,6.838361087083123
61,5229668,107327,321-35140,321-35002,14,N,ON,0.0,SFMTA,22.0,321352,M,-,Y,MS,MacKay,Elite,Grey,606,Area 3,321.0,BALBOA ST,3514.0,2,2681000,0.0,-122.496636098,37.7758154989,,,,,M-119,M-119,B-4,I57X,,Balboa St: 3200 - 3600,Balboa St: 3200 - 3700,POINT (-122.49662 37.77581),8,8,8,4,29,"LINESTRING (43882.61747201681 26858.99828186158, 43891.36964955569 26866.35807446736)",6,396956434,6913144674,65349691,6.849299616711582
62,5227948,100916,321-34010,-,0,N,ON,0.0,SFMTA,22.0,321341,M,-,Y,SS,IPS,M5,Grey,606,Area 3,321.0,BALBOA ST,3401.0,2,2680000,180.0,-122.4953174011,37.775738201,,,,,119,119-1,B-4,6AJY,,Balboa St: 3200 - 3600,Balboa (Outer),POINT (-122.49531 37.775734),8,8,8,4,29,"LINESTRING (43967.43360756812 26863.84003947808, 44007.54241633556 26857.72143924336)",6,396956434,6913144675,4021168166,8.39572882824834
63,5235864,122587,321-36120,321-36002,12,N,ON,0.0,SFMTA,22.0,321362,M,-,Y,MS,MacKay,Elite,Grey,606,Area 3,321.0,BALBOA ST,3612.0,2,2682000,0.0,-122.4977024996,37.7757666995,,,,,M-119,M-119,B-4,6ZZH,,Balboa St: 3200 - 3600,Balboa St: 3200 - 3700,POINT (-122.49769 37.77576),8,8,8,4,29,"LINESTRING (43777.02225351708 26852.96930022991, 43797.41712678151 26860.98906098105)",6,225840316,6913144663,65296066,6.842832183433765
64,5229616,106899,138-06560,-,0,N,ON,0.0,SFMTA,22.0,138062,M,-,Y,SS,IPS,M5,Grey,606,Area 3,138.0,38TH AVE,656.0,2,1848000,90.0,-122.4983520021,37.7761575979,,,,,119,119-2,B-4,31NS,,Balboa St: 3200 - 3600,Balboa (Outer),POINT (-122.49834 37.776154),8,8,8,4,29,"LINESTRING (43729.61532467276 26954.14161500292, 43740.21848215105 26904.4054400034)",6,8918512,65329573,65308567,7.740749058039039
65,5230316,107315,321-33090,321-33001,9,N,ON,0.0,SFMTA,22.0,321331,M,-,Y,MS,MacKay,Elite,Grey,606,Area 3,321.0,BALBOA ST,3309.0,2,2679000,180.0,-122.4943039176,37.7757845071,,,,,M-119,M-119,B-4,5XEL,,Balboa St: 3200 - 3600,Balboa St: 3200 - 3700,POINT (-122.49429 37.77578),8,8,8,4,29,"LINESTRING (44087.29669316481 26870.66927152633, 44096.83262977397 26862.81831646768)",6,396956434,6913144675,6913144662,8.379644494008074
66,5228762,103109,321-37110,321-37001,11,N,ON,0.0,SFMTA,22.0,321371,M,-,Y,MS,MacKay,Elite,Grey,606,Area 3,321.0,BALBOA ST,3711.0,2,2683000,180.0,-122.4986903491,37.7755840038,,,,,M-119,M-119,B-4,4FE5,,Balboa St: 3200 - 3600,Balboa St: 3200 - 3700,POINT (-122.49868 37.775578),8,8,8,4,29,"LINESTRING (43688.36901364887 26847.90401078338, 43710.37717659083 26840.7559581373)",6,225840316,6913144663,65329573,8.391380982368489
67,5240003,120041,321-37150,321-37001,15,N,ON,0.0,SFMTA,22.0,321371,M,-,Y,MS,MacKay,Elite,Grey,606,Area 3,321.0,BALBOA ST,3715.0,2,2683000,180.0,-122.4987702376,37.7755803505,,,,,M-119,M-119,B-4,4FE5,,Balboa St: 3200 - 3600,Balboa St: 3200 - 3700,POINT (-122.49876 37.775574),8,8,8,4,29,"LINESTRING (43688.36901364887 26847.90401078338, 43703.33878284863 26840.35413418216)",6,225840316,65341548,65329573,8.391204807807334
68,5234685,121687,137-07020,-,0,N,ON,0.0,SFMTA,22.0,137072,M,-,Y,SS,IPS,M5,Grey,606,Area 3,137.0,37TH AVE,702.0,2,1823000,90.0,-122.4972368011,37.7755870026,,,,,119,119-1,B-4,7QN4,,Balboa St: 3200 - 3600,Balboa (Outer),POINT (-122.49722 37.77558),8,8,8,4,29,"LINESTRING (43835.82227408583 26752.36293662785, 43838.43502249459 26841.02313649706)",6,396956434,6913144674,65349691,7.632326141668305
69,5234778,120142,321-36070,-,0,N,ON,0.0,SFMTA,22.0,321361,U,U8,N,-,-,-,-,606,-,321.0,BALBOA ST,3607.0,2,2682000,180.0,-122.4975324285,37.7756369467,,,,,,,B-4,2TNG,,,,POINT (-122.49752 37.77563),8,8,8,4,29,"LINESTRING (43777.02225351708 26852.96930022991, 43812.39304663334 26846.57977751709)",6,396956434,6913144674,65296066,8.397589801303615
70,5250606,120027,321-32190,-,0,N,ON,0.0,SFMTA,22.0,321321,M,-,Y,SS,IPS,M5,Grey,606,Area 3,321.0,BALBOA ST,3219.0,2,2678000,180.0,-122.4937456993,37.7758100004,,,,,119,119-1,B-4,6SAU,,Balboa St: 3200 - 3600,Balboa (Outer),POINT (-122.49374 37.775806),8,8,8,4,29,"LINESTRING (44160.30248257337 26874.81949057737, 44146.01288992977 26865.62474699266)",6,396956434,65333137,65299624,8.36796863594451
71,5240873,134074,321-37230,321-37003,23,N,ON,0.0,SFMTA,22.0,321371,M,-,Y,MS,MacKay,Elite,Grey,606,Area 3,321.0,BALBOA ST,3723.0,2,2683000,180.0,-122.4989406857,37.7755725561,,,,,M-119,M-119,B-4,46WL,,Balboa St: 3200 - 3600,Balboa St: 3200 - 3700,POINT (-122.498924 37.775566),8,8,8,4,29,"LINESTRING (43688.36901364887 26847.90401078338, 43688.32184016873 26839.49685376663)",6,225840316,65341548,65329573,8.39078776366316
72,5241092,135171,321-35150,-,0,N,ON,0.0,SFMTA,22.0,321351,M,-,Y,SS,IPS,M5,Grey,606,Area 3,321.0,BALBOA ST,3515.0,2,2681000,180.0,-122.4967906418,37.7756708563,,,,,119,119-1,B-4,8KTM,,Balboa St: 3200 - 3600,Balboa (Outer),POINT (-122.49678 37.775665),8,8,8,4,29,"LINESTRING (43882.61747201681 26858.99828186158, 43877.74634146625 26850.31055486969)",6,396956434,6913144674,65349691,8.396150803813098
73,5252018,118872,321-32130,-,0,N,ON,0.0,SFMTA,22.0,321321,M,-,Y,SS,IPS,M5,Grey,606,Area 3,321.0,BALBOA ST,3213.0,2,2678000,180.0,-122.4935149008,37.7758205001,,,,,119,119-1,B-4,74NA,,Balboa St: 3200 - 3600,Balboa (Outer),POINT (-122.4935 37.775814),8,8,8,4,29,"LINESTRING (44160.30248257337 26874.81949057737, 44166.34673347758 26866.78065556592)",6,396956434,65333137,65299624,8.36927669559952
74,5249744,120137,137-07010,-,0,N,ON,0.0,SFMTA,22.0,137071,M,-,Y,SS,IPS,M5,Yellow,606,Area 3,137.0,37TH AVE,701.0,2,1823000,270.0,-122.4973723979,37.7755449981,,,,,119,119-1,B-4,38LS,,Balboa St: 3200 - 3600,Balboa (Outer),POINT (-122.49736 37.77554),8,8,8,4,29,"LINESTRING (43835.82227408583 26752.36293662785, 43826.4865743965 26836.36697191536)",6,396956434,6913144674,65349691,4.560758388608002
75,5250685,123537,321-33110,321-33001,11,N,ON,0.0,SFMTA,22.0,321331,M,-,Y,MS,MacKay,Elite,Grey,606,Area 3,321.0,BALBOA ST,3311.0,2,2679000,180.0,-122.4943769013,37.7757812002,,,,,M-119,M-119,B-4,5XEL,,Balboa St: 3200 - 3600,Balboa St: 3200 - 3700,POINT (-122.49436 37.775776),8,8,8,4,29,"LINESTRING (44087.29669316481 26870.66927152633, 44090.40260413653 26862.45432178566)",6,396956434,6913144675,6913144662,8.37802266480823
76,5252109,111696,321-34300,-,0,N,ON,0.0,SFMTA,22.0,321342,U,U4,N,-,-,-,-,606,-,321.0,BALBOA ST,3430.0,2,2680000,0.0,-122.4958974009,37.7758491997,,,,,,,B-4,6TV4,,,,POINT (-122.49589 37.775845),8,8,8,4,29,"LINESTRING (43967.43360756812 26863.84003947808, 43956.45054657813 26870.06643635159)",6,396956434,4021168167,65349691,6.84254202121607
77,5252023,111692,321-33210,321-33001,21,N,ON,0.0,SFMTA,22.0,321331,M,-,Y,MS,MacKay,Elite,Grey,606,Area 3,321.0,BALBOA ST,3321.0,2,2679000,180.0,-122.4946870988,37.7757670012,,,,,M-119,M-119,B-4,5XEL,,Balboa St: 3200 - 3600,Balboa St: 3200 - 3700,POINT (-122.494675 37.77576),8,8,8,4,29,"LINESTRING (44050.17484438527 26868.56148475659, 44063.07350322044 26860.89134315276)",6,396956434,6913144675,6913144662,8.388400535995233
78,5252323,115369,321-37060,-,0,N,ON,0.0,SFMTA,22.0,321372,M,-,Y,SS,IPS,M5,Yellow,606,Area 3,321.0,BALBOA ST,3706.0,2,2683000,0.0,-122.4987031983,37.7757210013,,,,,119,119-2,B-4,62XO,,Balboa St: 3200 - 3600,Balboa (Outer),POINT (-122.49869 37.775715),8,8,8,4,29,"LINESTRING (43688.36901364887 26847.90401078338, 43709.25307890715 26855.96231412279)",6,225840316,6913144663,65329573,6.854331485109767
79,5250695,118883,321-35200,321-35004,20,N,ON,0.0,SFMTA,22.0,321352,M,-,Y,MS,MacKay,Elite,Grey,606,Area 3,321.0,BALBOA ST,3520.0,2,2681000,0.0,-122.4967607984,37.7758097992,,,,,M-119,M-119,B-4,77P9,,Balboa St: 3200 - 3600,Balboa St: 3200 - 3700,POINT (-122.49675 37.775806),8,8,8,4,29,"LINESTRING (43882.61747201681 26858.99828186158, 43880.38325385304 26865.73093257675)",6,396956434,6913144674,65349691,6.8489851064075715
80,5252105,117999,321-34220,321-34002,22,N,ON,0.0,SFMTA,22.0,321342,M,-,Y,MS,MacKay,Elite,Grey,606,Area 3,321.0,BALBOA ST,3422.0,2,2680000,0.0,-122.4957274997,37.7758570005,,,,,M-119,M-119,B-4,7UUL,,Balboa St: 3200 - 3600,Balboa St: 3200 - 3700,POINT (-122.49571 37.775852),8,8,8,4,29,"LINESTRING (43967.43360756812 26863.84003947808, 43971.41922358893 26870.92493927889)",6,396956434,4021168167,65349691,6.846104370805022
81,5249430,113269,137-06660,-,0,N,ON,0.0,SFMTA,22.0,137062,M,-,Y,SS,IPS,M5,Grey,606,Area 3,137.0,37TH AVE,666.0,2,1822000,90.0,-122.497266501,37.7759157018,,,,,119,119-2,B-4,69S6,,Balboa St: 3200 - 3600,Balboa (Outer),POINT (-122.49725 37.77591),8,8,8,4,29,"LINESTRING (43824.06886337186 26959.53186605287, 43835.83689607799 26877.50777650969)",6,396956434,6913144674,65349691,7.104827623584739
82,5252320,113937,321-36180,321-36002,18,N,ON,0.0,SFMTA,22.0,321362,M,-,Y,MS,MacKay,Elite,Yellow,606,Area 3,321.0,BALBOA ST,3618.0,2,2682000,0.0,-122.4978238025,37.7757612009,,,,,M-119,M-119,B-4,6ZZH,,Balboa St: 3200 - 3600,Balboa St: 3200 - 3700,POINT (-122.49781 37.775757),8,8,8,4,29,"LINESTRING (43777.02225351708 26852.96930022991, 43786.73004728169 26860.38421199677)",6,225840316,6913144663,65329573,6.848840713045108
83,5250734,128687,137-07100,-,0,N,ON,0.0,SFMTA,22.0,137072,M,-,Y,SS,IPS,M5,Grey,606,Area 3,137.0,37TH AVE,710.0,2,1823000,90.0,-122.4972202999,37.7753579979,,,,,119,119-1,B-4,4RE0,,Balboa St: 3200 - 3600,Balboa (Outer),POINT (-122.49721 37.775352),8,8,8,4,29,"LINESTRING (43835.82227408583 26752.36293662785, 43839.87594707761 26815.60447950725)",6,8916406,65296069,65296066,7.630631816490841
84,5250698,128442,321-37030,321-37001,3,N,ON,0.0,SFMTA,22.0,321371,M,-,Y,MS,MacKay,Elite,Grey,606,Area 3,321.0,BALBOA ST,3701.0,2,2683000,180.0,-122.4985226018,37.7755917021,,,,,M-119,M-119,B-4,4FE5,,Balboa St: 3200 - 3600,Balboa St: 3200 - 3700,POINT (-122.49851 37.775585),8,8,8,4,29,"LINESTRING (43688.36901364887 26847.90401078338, 43725.15616845144 26841.60273574829)",6,225840316,6913144663,65329573,8.388715207762036
85,5252462,107326,138-07040,-,0,N,ON,0.0,SFMTA,22.0,138072,M,-,Y,SS,IPS,M5,Grey,606,Area 3,138.0,38TH AVE,704.0,2,1849000,90.0,-122.4983030015,37.7754840002,,,,,119,119-1,B-4,5FB4,,Balboa St: 3200 - 3600,Balboa (Outer),POINT (-122.49829 37.77548),8,8,8,4,29,"LINESTRING (43741.48090869663 26746.98914032299, 43744.49679444179 26829.63856268502)",6,225840316,6913144663,65329573,7.735915017586696
86,5252022,100915,321-33200,-,0,N,ON,0.0,SFMTA,22.0,321332,M,-,Y,SS,IPS,M5,Grey,606,Area 3,321.0,BALBOA ST,3320.0,2,2679000,0.0,-122.4947999024,37.7758994018,,,,,119,119-2,B-4,BOZY,,Balboa St: 3200 - 3600,Balboa (Outer),POINT (-122.49479 37.775894),8,8,8,4,29,"LINESTRING (44050.17484438527 26868.56148475659, 44053.14256178545 26875.59164023618)",6,396956434,6913144675,6913144662,6.850780375849371
87,5250694,121692,321-35080,321-35002,8,N,ON,0.0,SFMTA,22.0,321352,M,-,Y,MS,MacKay,Elite,Grey,606,Area 3,321.0,BALBOA ST,3508.0,2,2681000,0.0,-122.4965103024,37.7758211986,,,,,M-119,M-119,B-4,I57X,,Balboa St: 3200 - 3600,Balboa St: 3200 - 3700,POINT (-122.4965 37.775818),8,8,8,4,29,"LINESTRING (43882.61747201681 26858.99828186158, 43902.45253045335 26866.98518302487)",6,396956434,6913144674,65349691,6.844084840420064
88,5252104,117014,321-34200,321-34002,20,N,ON,0.0,SFMTA,22.0,321342,M,-,Y,MS,MacKay,Elite,Grey,606,Area 3,321.0,BALBOA ST,3420.0,2,2680000,0.0,-122.4956870989,37.7758587998,,,,,M-119,M-119,B-4,7UUL,,Balboa St: 3200 - 3600,Balboa St: 3200 - 3700,POINT (-122.495674 37.775852),8,8,8,4,29,"LINESTRING (43967.43360756812 26863.84003947808, 43974.97862125149 26871.1229096829)",6,396956434,4021168167,65349691,6.840788729388807
89,5252102,115400,321-34090,-,0,N,ON,0.0,SFMTA,22.0,321341,M,-,Y,SS,IPS,M5,Grey,606,Area 3,321.0,BALBOA ST,3409.0,2,2680000,180.0,-122.495554799,37.7757272989,,,,,119,119-1,B-4,355C,,Balboa St: 3200 - 3600,Balboa (Outer),POINT (-122.495544 37.775723),8,8,8,4,29,"LINESTRING (43967.43360756812 26863.84003947808, 43986.62709945173 26856.52154207847)",6,396956434,4021168167,65349683,8.401040710676025
90,5241622,117993,321-33220,-,0,N,ON,0.0,SFMTA,22.0,321332,M,-,Y,SS,IPS,M5,Grey,606,Area 3,321.0,BALBOA ST,3322.0,2,2679000,0.0,-122.4948737973,37.7758959987,,,,,119,119-2,B-4,DMFY,,Balboa St: 3200 - 3600,Balboa (Outer),POINT (-122.49486 37.77589),8,8,8,4,29,"LINESTRING (44050.17484438527 26868.56148475659, 44046.63226257587 26875.21704063087)",6,396956434,6913144675,6913144662,6.8455212982176095
91,5250686,107316,321-33170,321-33001,17,N,ON,0.0,SFMTA,22.0,321331,M,-,Y,MS,MacKay,Elite,Grey,606,Area 3,321.0,BALBOA ST,3317.0,2,2679000,180.0,-122.4945411978,37.7757737012,,,,,M-119,M-119,B-4,5XEL,,Balboa St: 3200 - 3600,Balboa St: 3200 - 3700,POINT (-122.49453 37.77577),8,8,8,4,29,"LINESTRING (44087.29669316481 26870.66927152633, 44075.92771355674 26861.62886526832)",6,396956434,6913144675,6913144662,8.380415315246589
92,5252019,100241,321-32150,-,0,N,ON,0.0,SFMTA,22.0,321321,M,-,Y,SS,IPS,M5,Grey,606,Area 3,321.0,BALBOA ST,3215.0,2,2678000,180.0,-122.4935967976,37.7758168009,,,,,119,119-1,B-4,JRW6,,Balboa St: 3200 - 3600,Balboa (Outer),POINT (-122.49358 37.77581),8,8,8,4,29,"LINESTRING (44160.30248257337 26874.81949057737, 44159.13145153593 26866.37343005369)",6,396956434,65333137,65299624,8.365879015334718
93,5252322,128443,321-37050,321-37001,5,N,ON,0.0,SFMTA,22.0,321371,M,-,Y,MS,MacKay,Elite,Grey,606,Area 3,321.0,BALBOA ST,3705.0,2,2683000,180.0,-122.4985594587,37.7755899893,,,,,M-119,M-119,B-4,4FE5,,Balboa St: 3200 - 3600,Balboa St: 3200 - 3700,POINT (-122.49854 37.775585),8,8,8,4,29,"LINESTRING (43688.36901364887 26847.90401078338, 43721.90897468296 26841.41431204779)",6,225840316,6913144663,65329573,8.3916694412389
94,5252108,121686,321-34280,-,0,N,ON,0.0,SFMTA,22.0,321342,U,U4,N,-,-,-,-,606,-,321.0,BALBOA ST,3428.0,2,2680000,0.0,-122.4958630016,37.7758507979,,,,,,,B-4,2BTS,,,,POINT (-122.49585 37.775845),8,8,8,4,29,"LINESTRING (43967.43360756812 26863.84003947808, 43959.48120338386 26870.24233883383)",6,396956434,4021168167,65349691,6.845344219255255
95,5250605,134349,321-32050,-,0,N,ON,0.0,SFMTA,22.0,321321,M,-,Y,SS,IPS,M5,Grey,606,Area 3,321.0,BALBOA ST,3205.0,2,2678000,180.0,-122.4932276059,37.7758336726,,,,,119,119-1,B-4,5MMU,,Balboa St: 3200 - 3600,Balboa (Outer),POINT (-122.49322 37.77583),8,8,8,4,29,"LINESTRING (44160.30248257337 26874.81949057737, 44191.65802841222 26868.23097462246)",6,396956434,65333137,65299624,8.359463850887057
96,5241207,134350,321-33300,-,0,N,ON,0.0,SFMTA,22.0,321332,M,-,Y,SS,IPS,M5,Grey,606,Area 3,321.0,BALBOA ST,3330.0,2,2679000,0.0,-122.4950452461,37.7758881722,,,,,119,119-2,B-4,4LLI,,Balboa St: 3200 - 3600,Balboa (Outer),POINT (-122.49503 37.775883),8,8,8,4,29,"LINESTRING (44050.17484438527 26868.56148475659, 44031.5272568959 26874.35561422271)",6,396956434,6913144675,4021168166,6.841015597742217
97,5250691,113267,321-34250,-,0,N,ON,0.0,SFMTA,22.0,321341,M,-,Y,SS,IPS,M5,Grey,606,Area 3,321.0,BALBOA ST,3425.0,2,2680000,180.0,-122.4960449,37.7757049025,,,,,119,119-1,B-4,6DRI,,Balboa St: 3200 - 3600,Balboa (Outer),POINT (-122.49603 37.7757),8,8,8,4,29,"LINESTRING (43967.43360756812 26863.84003947808, 43943.44802790198 26854.05684061356)",6,396956434,6913144674,65349691,8.399575398133432
98,5241334,134076,321-37310,321-37003,31,N,ON,0.0,SFMTA,22.0,321371,M,-,Y,MS,MacKay,Elite,Grey,606,Area 3,321.0,BALBOA ST,3731.0,2,2683000,180.0,-122.4991257594,37.7755640928,,,,,M-119,M-119,B-4,46WL,,Balboa St: 3200 - 3600,Balboa St: 3200 - 3700,POINT (-122.499115 37.77556),8,8,8,4,29,"LINESTRING (43688.36901364887 26847.90401078338, 43672.01633863668 26838.56603414202)",6,225840316,65341548,65329573,8.390313514639919
99,5250809,121688,138-06540,-,0,N,ON,0.0,SFMTA,22.0,138062,M,-,Y,SS,IPS,M5,Grey,606,Area 3,138.0,38TH AVE,654.0,2,1848000,90.0,-122.498356601,37.7762206019,,,,,119,119-2,B-4,CLJ2,,Balboa St: 3200 - 3600,Balboa (Outer),POINT (-122.498344 37.776215),8,8,8,4,29,"LINESTRING (43729.61532467276 26954.14161500292, 43739.81693729987 26911.39865448902)",6,8918512,65329573,65308567,7.739892892169926
100,5241403,134080,321-34340,321-34004,34,N,ON,0.0,SFMTA,22.0,321342,M,-,Y,MS,MacKay,Elite,Grey,606,Area 3,321.0,BALBOA ST,3434.0,2,2680000,0.0,-122.4959629048,37.7758462349,,,,,M-119,M-119,B-4,5HZ1,,Balboa St: 3200 - 3600,Balboa St: 3200 - 3700,POINT (-122.49595 37.77584),8,8,8,4,29,"LINESTRING (43967.43360756812 26863.84003947808, 43950.67950747475 26869.74019807336)",6,396956434,6913144674,65349691,6.845910682772453
101,5250699,117043,321-37280,-,0,N,ON,0.0,SFMTA,22.0,321372,U,U1,N,-,-,-,-,606,-,321.0,BALBOA ST,3728.0,2,2683000,0.0,-122.4993140993,37.7756930002,,,,,,,B-4,EW2C,,,,POINT (-122.4993 37.77569),8,8,8,4,29,"LINESTRING (43688.36901364887 26847.90401078338, 43655.43111968868 26852.88258766222)",6,225840316,65341548,65329573,6.848675006583073
102,5249427,109752,136-06630,-,0,N,ON,0.0,SFMTA,22.0,136061,M,-,Y,SS,IPS,M5,Grey,606,Area 3,136.0,36TH AVE,663.0,2,1792000,270.0,-122.4963311979,37.7760210008,,,,-,119,119-2,B-4,7XL4,,Balboa St: 3200 - 3600,Balboa (Outer),POINT (-122.496315 37.776016),8,8,8,4,29,"LINESTRING (43918.48703015488 26964.90656829409, 43918.24258375582 26889.15400273614)",6,396956434,6913144674,65349691,4.541248167470939
103,5251134,134078,321-37350,321-37003,35,N,ON,0.0,SFMTA,22.0,321371,M,-,Y,MS,MacKay,Elite,Grey,606,Area 3,321.0,BALBOA ST,3735.0,2,2683000,180.0,-122.4992233333,37.7755596308,,,,,M-119,M-119,B-4,46WL,,Balboa St: 3200 - 3600,Balboa St: 3200 - 3700,POINT (-122.49921 37.775555),8,8,8,4,29,"LINESTRING (43688.36901364887 26847.90401078338, 43663.41980842537 26838.07530270912)",6,225840316,65341548,65329573,8.390051427083218
104,5250693,106022,321-34420,321-34004,42,N,ON,0.0,SFMTA,22.0,321342,M,-,Y,MS,MacKay,Elite,Grey,606,Area 3,321.0,BALBOA ST,3442.0,2,2680000,0.0,-122.496107999,37.7758395997,,,,,M-119,M-119,B-4,5HZ1,,Balboa St: 3200 - 3600,Balboa St: 3200 - 3700,POINT (-122.49609 37.775833),8,8,8,4,29,"LINESTRING (43967.43360756812 26863.84003947808, 43937.89638076506 26869.01002863639)",6,396956434,6913144674,65349691,6.845848591053328
105,5252316,128541,321-35120,321-35002,12,N,ON,0.0,SFMTA,22.0,321352,M,-,Y,MS,MacKay,Elite,Grey,606,Area 3,321.0,BALBOA ST,3512.0,2,2681000,0.0,-122.4965881982,37.7758176,,,,,M-119,M-119,B-4,I57X,,Balboa St: 3200 - 3600,Balboa St: 3200 - 3700,POINT (-122.496574 37.775814),8,8,8,4,29,"LINESTRING (43882.61747201681 26858.99828186158, 43895.58972817801 26866.58917889221)",6,396956434,6913144674,65349691,6.839643903300491
106,5252461,106906,138-07030,-,0,N,ON,0.0,SFMTA,22.0,138071,M,-,Y,SS,IPS,M5,Grey,606,Area 3,138.0,38TH AVE,703.0,2,1849000,270.0,-122.4984387995,37.7754452982,,,,,119,119-1,B-4,32FK,,Balboa St: 3200 - 3600,Balboa (Outer),POINT (-122.49843 37.77544),8,8,8,4,29,"LINESTRING (43741.48090869663 26746.98914032299, 43732.53074064482 26825.34909795987)",6,225840316,6913144663,65329573,4.455791880186516
107,5249746,113273,138-07070,-,0,N,ON,0.0,SFMTA,22.0,138071,M,-,Y,SS,IPS,M5,Grey,606,Area 3,138.0,38TH AVE,707.0,2,1849000,270.0,-122.4984304009,37.7753300973,,,,,119,119-1,B-4,3PKW,,Balboa St: 3200 - 3600,Balboa (Outer),POINT (-122.49842 37.775326),8,8,8,4,29,"LINESTRING (43741.48090869663 26746.98914032299, 43733.26403860329 26812.56221929521)",6,8918512,65329575,65329573,4.454702689526971
108,5252317,114119,321-36050,-,0,N,ON,0.0,SFMTA,22.0,321361,U,U8,N,-,-,-,-,606,-,321.0,BALBOA ST,3605.0,2,2682000,180.0,-122.4974961848,37.7756386038,,,,,,,B-4,4SIC,,,,POINT (-122.49748 37.775635),8,8,8,4,29,"LINESTRING (43777.02225351708 26852.96930022991, 43815.58621018697 26846.76208199539)",6,396956434,6913144674,65349691,8.39780436611418
109,5250692,118000,321-34360,321-34004,36,N,ON,0.0,SFMTA,22.0,321342,M,-,Y,MS,MacKay,Elite,Grey,606,Area 3,321.0,BALBOA ST,3436.0,2,2680000,0.0,-122.4959983529,37.7758446149,,,,,M-119,M-119,B-4,5HZ1,,Balboa St: 3200 - 3600,Balboa St: 3200 - 3700,POINT (-122.49599 37.77584),8,8,8,4,29,"LINESTRING (43967.43360756812 26863.84003947808, 43947.5564500743 26869.56192462018)",6,396956434,6913144674,65349691,6.846010237185575
110,5252020,123536,321-32200,-,0,N,ON,0.0,SFMTA,22.0,321322,M,-,Y,SS,IPS,M5,Grey,606,Area 3,321.0,BALBOA ST,3220.0,2,2678000,0.0,-122.4937347972,37.775948,,,,,119,119-2,B-4,4FFA,,Balboa St: 3200 - 3600,Balboa (Outer),POINT (-122.49372 37.775944),8,8,8,4,29,"LINESTRING (44160.30248257337 26874.81949057737, 44146.98052478685 26880.94129087824)",6,396956434,65333137,65299624,6.868851207861949
111,5240646,134075,321-37290,321-37003,29,N,ON,0.0,SFMTA,22.0,321371,M,-,Y,MS,MacKay,Elite,Grey,606,Area 3,321.0,BALBOA ST,3729.0,2,2683000,180.0,-122.4990749674,37.7755664155,,,,,M-119,M-119,B-4,46WL,,Balboa St: 3200 - 3600,Balboa St: 3200 - 3700,POINT (-122.49906 37.775562),8,8,8,4,29,"LINESTRING (43688.36901364887 26847.90401078338, 43676.49125378081 26838.82148859674)",6,225840316,65341548,65329573,8.390445250165264
112,5252460,115402,136-06670,-,0,N,ON,0.0,SFMTA,22.0,136061,M,-,Y,SS,IPS,M5,Grey,606,Area 3,136.0,36TH AVE,667.0,2,1792000,270.0,-122.4963216984,37.7758897011,,,,-,119,119-2,B-4,42P4,,Balboa St: 3200 - 3600,Balboa (Outer),POINT (-122.49631 37.775887),8,8,8,4,29,"LINESTRING (43918.48703015488 26964.90656829409, 43919.07226801843 26874.58023702391)",6,396956434,6913144674,65349691,4.539621993700815
113,5252107,110619,321-34260,-,0,N,ON,0.0,SFMTA,22.0,321342,U,U4,N,-,-,-,-,606,-,321.0,BALBOA ST,3426.0,2,2680000,0.0,-122.4958143027,37.7758529995,,,,,,,B-4,LDS8,,,,POINT (-122.495804 37.77585),8,8,8,4,29,"LINESTRING (43967.43360756812 26863.84003947808, 43963.77168403456 26870.48459845424)",6,396956434,4021168167,65349691,6.84255792657624
114,5250690,106898,321-34190,-,0,N,ON,0.0,SFMTA,22.0,321341,M,-,Y,SS,IPS,M5,Grey,606,Area 3,321.0,BALBOA ST,3419.0,2,2680000,180.0,-122.4958376994,37.775714402,,,,,119,119-1,B-4,2QHK,,Balboa St: 3200 - 3600,Balboa (Outer),POINT (-122.49583 37.77571),8,8,8,4,29,"LINESTRING (43967.43360756812 26863.84003947808, 43961.70290173449 26855.10225271269)",6,396956434,4021168167,65349691,8.396793469482878
115,5252321,110632,321-36360,321-36004,36,N,ON,0.0,SFMTA,22.0,321362,M,-,Y,MS,MacKay,Elite,Grey,606,Area 3,321.0,BALBOA ST,3636.0,2,2682000,0.0,-122.4981213992,37.7757475999,,,,,M-119,M-119,B-4,2HY5,,Balboa St: 3200 - 3600,Balboa St: 3200 - 3700,POINT (-122.49811 37.77574),8,8,8,4,29,"LINESTRING (43777.02225351708 26852.96930022991, 43760.5110436414 26858.88804306712)",6,225840316,6913144663,65329573,6.851330896501776
116,5252111,127259,321-35010,-,0,N,ON,0.0,SFMTA,22.0,321351,M,-,Y,SS,IPS,M5,Grey,606,Area 3,321.0,BALBOA ST,3501.0,2,2681000,180.0,-122.4963953977,37.7756888986,,,,,119,119-1,B-4,3TU8,,Balboa St: 3200 - 3600,Balboa (Outer),POINT (-122.49638 37.775684),8,8,8,4,29,"LINESTRING (43882.61747201681 26858.99828186158, 43912.56832602609 26852.29577839856)",6,396956434,6913144674,65349691,8.397686963182824
117,5246354,113274,321-35070,-,0,N,ON,0.0,SFMTA,22.0,321351,T,UY,Y,SS,IPS,M5,Grey,606,Area 3,321.0,BALBOA ST,3507.0,2,2681000,180.0,-122.4966129025,37.7756790024,,,,,119,119-1,B-4,9AI2,,Balboa St: 3200 - 3600,Balboa (Outer),POINT (-122.4966 37.775673),8,8,8,4,29,"LINESTRING (43882.61747201681 26858.99828186158, 43893.40561810668 26851.20689656735)",6,396956434,6913144674,65349691,8.393251088411292
118,5252325,114120,321-37210,321-37003,21,N,ON,0.0,SFMTA,22.0,321371,M,-,Y,MS,MacKay,Elite,Grey,606,Area 3,321.0,BALBOA ST,3721.0,2,2683000,180.0,-122.4988948536,37.7755746519,,,,,M-119,M-119,B-4,46WL,,Balboa St: 3200 - 3600,Balboa St: 3200 - 3700,POINT (-122.49888 37.77557),8,8,8,4,29,"LINESTRING (43688.36901364887 26847.90401078338, 43692.35977353965 26839.72736117366)",6,225840316,65341548,65329573,8.390908192501145
119,5250687,100242,321-33280,-,0,N,ON,0.0,SFMTA,22.0,321332,M,-,Y,SS,IPS,M5,Grey,606,Area 3,321.0,BALBOA ST,3328.0,2,2679000,0.0,-122.4949762595,37.7758913244,,,,,119,119-2,B-4,JU7I,,Balboa St: 3200 - 3600,Balboa (Outer),POINT (-122.494965 37.775887),8,8,8,4,29,"LINESTRING (44050.17484438527 26868.56148475659, 44037.60512433111 26874.70256166812)",6,396956434,6913144675,4021168166,6.843159564566956
120,5250810,122580,138-06580,-,0,N,ON,0.0,SFMTA,22.0,138062,M,-,Y,SS,IPS,M5,Grey,606,Area 3,138.0,38TH AVE,658.0,2,1848000,90.0,-122.4983478,37.7761005004,,,,,119,119-2,B-4,39DK,,Balboa St: 3200 - 3600,Balboa (Outer),POINT (-122.49834 37.776096),8,8,8,4,29,"LINESTRING (43729.61532467276 26954.14161500292, 43740.58540870708 26898.06782401579)",6,8918512,65329573,65308567,7.744545658675535
121,5249428,120136,137-06630,-,0,N,ON,0.0,SFMTA,22.0,137061,M,-,Y,SS,IPS,M5,Grey,606,Area 3,137.0,37TH AVE,663.0,2,1822000,270.0,-122.4974085016,37.7759647024,,,,,119,119-2,B-4,260W,,Balboa St: 3200 - 3600,Balboa (Outer),POINT (-122.4974 37.77596),8,8,8,4,29,"LINESTRING (43824.06886337186 26959.53186605287, 43823.32944617205 26882.95283295263)",6,396956434,6913144674,65296066,5.0742496043552405
122,5244879,115362,321-36230,-,0,N,ON,0.0,SFMTA,22.0,321361,M,UV,Y,SS,IPS,M5,Grey,606,Area 3,321.0,BALBOA ST,3623.0,2,2682000,180.0,-122.4980408677,37.7756137008,,,,,119,119-1,B-4,3XOE,,Balboa St: 3200 - 3600,Balboa (Outer),POINT (-122.498024 37.775608),8,8,8,4,29,"LINESTRING (43777.02225351708 26852.96930022991, 43767.59822523798 26844.02253006975)",6,225840316,6913144663,65329573,8.39439621790747
123,5252318,127260,321-36140,321-36002,14,N,ON,0.0,SFMTA,22.0,321362,M,-,Y,MS,MacKay,Elite,Grey,606,Area 3,321.0,BALBOA ST,3614.0,2,2682000,0.0,-122.4977463984,37.775764699,,,,,M-119,M-119,B-4,6ZZH,,Balboa St: 3200 - 3600,Balboa St: 3200 - 3700,POINT (-122.497734 37.77576),8,8,8,4,29,"LINESTRING (43777.02225351708 26852.96930022991, 43793.54953568389 26860.76899278484)",6,225840316,6913144663,65296066,6.843831639938474
124,5240674,135172,321-35170,-,0,N,ON,0.0,SFMTA,22.0,321351,M,-,Y,SS,IPS,M5,Grey,606,Area 3,321.0,BALBOA ST,3517.0,2,2681000,180.0,-122.4968609197,37.7756676439,,,,,119,119-1,B-4,6ETA,,Balboa St: 3200 - 3600,Balboa (Outer),POINT (-122.49685 37.77566),8,8,8,4,29,"LINESTRING (43882.61747201681 26858.99828186158, 43871.55468232205 26849.95710054287)",6,396956434,6913144674,65349691,8.396340801371615
125,5249745,114117,138-07050,-,0,N,ON,0.0,SFMTA,22.0,138071,M,-,Y,SS,IPS,M5,Grey,606,Area 3,138.0,38TH AVE,705.0,2,1849000,270.0,-122.4984345024,37.7753870998,,,,,119,119-1,B-4,3HV4,,Balboa St: 3200 - 3600,Balboa (Outer),POINT (-122.49842 37.775383),8,8,8,4,29,"LINESTRING (43741.48090869663 26746.98914032299, 43732.90597117539 26818.889285851)",6,8918512,65329575,65329573,4.450474215037368
126,5246355,123551,321-36210,-,0,N,ON,0.0,SFMTA,22.0,321361,M,UV,Y,SS,IPS,M5,Grey,606,Area 3,321.0,BALBOA ST,3621.0,2,2682000,180.0,-122.4979710536,37.7756168927,,,,,119,119-1,B-4,39US,,Balboa St: 3200 - 3600,Balboa (Outer),POINT (-122.497955 37.77561),8,8,8,4,29,"LINESTRING (43777.02225351708 26852.96930022991, 43773.74903144393 26844.37365188905)",6,225840316,6913144663,65329573,8.394850204915087
127,5251133,134077,321-37330,321-37003,33,N,ON,0.0,SFMTA,22.0,321371,M,-,Y,MS,MacKay,Elite,Grey,606,Area 3,321.0,BALBOA ST,3733.0,2,2683000,180.0,-122.4991725414,37.7755619535,,,,,M-119,M-119,B-4,46WL,,Balboa St: 3200 - 3600,Balboa St: 3200 - 3700,POINT (-122.49916 37.77556),8,8,8,4,29,"LINESTRING (43688.36901364887 26847.90401078338, 43667.89471529706 26838.33075250162)",6,225840316,65341548,65329573,8.390187345538116
128,5252110,106021,321-34320,321-34004,32,N,ON,0.0,SFMTA,22.0,321342,M,-,Y,MS,MacKay,Elite,Grey,606,Area 3,321.0,BALBOA ST,3432.0,2,2680000,0.0,-122.4959218555,37.7758481109,,,,,M-119,M-119,B-4,5HZ1,,Balboa St: 3200 - 3600,Balboa St: 3200 - 3700,POINT (-122.49591 37.775845),8,8,8,4,29,"LINESTRING (43967.43360756812 26863.84003947808, 43954.29604303249 26869.94664463212)",6,396956434,4021168167,65349691,6.845799288344222
129,5250607,128257,321-32250,-,0,N,ON,0.0,SFMTA,22.0,321321,M,-,Y,SS,IPS,M5,Grey,606,Area 3,321.0,BALBOA ST,3225.0,2,2678000,180.0,-122.4938993005,37.7758029987,,,,,119,119-1,B-4,5WNY,,Balboa St: 3200 - 3600,Balboa (Outer),POINT (-122.49389 37.7758),8,8,8,4,29,"LINESTRING (44160.30248257337 26874.81949057737, 44132.48029038918 26864.85394732906)",6,396956434,6913144662,65299624,8.368613896034802
130,5249743,127252,137-06670,-,0,N,ON,0.0,SFMTA,22.0,137061,M,-,Y,SS,IPS,M5,Grey,606,Area 3,137.0,37TH AVE,667.0,2,1822000,270.0,-122.4974047018,37.7759101977,,,,,119,119-2,B-4,2T68,,Balboa St: 3200 - 3600,Balboa (Outer),POINT (-122.49739 37.775906),8,8,8,4,29,"LINESTRING (43824.06886337186 26959.53186605287, 43823.66114098237 26876.90302161554)",6,396956434,6913144674,65349691,5.085636233461856
131,5252017,126415,321-32120,-,0,N,ON,0.0,SFMTA,22.0,321322,M,-,Y,SS,IPS,M5,Grey,606,Area 3,321.0,BALBOA ST,3212.0,2,2678000,0.0,-122.4935627511,37.7759559062,,,,,119,119-2,B-4,K7BQ,,Balboa St: 3200 - 3600,Balboa (Outer),POINT (-122.49355 37.77595),8,8,8,4,29,"LINESTRING (44160.30248257337 26874.81949057737, 44162.13813208126 26881.81175054601)",6,396956434,65333137,65299624,6.876664107341556
132,5250812,118003,138-07020,-,0,N,ON,0.0,SFMTA,22.0,138072,M,-,Y,SS,IPS,M5,Grey,606,Area 3,138.0,38TH AVE,702.0,2,1849000,90.0,-122.4983070025,37.7755398014,,,,,119,119-1,B-4,4ZVK,,Balboa St: 3200 - 3600,Balboa (Outer),POINT (-122.49829 37.775536),8,8,8,4,29,"LINESTRING (43741.48090869663 26746.98914032299, 43744.14750435577 26835.83228842321)",6,225840316,6913144663,65329573,7.741283555063904
133,5250696,121694,321-35360,-,0,N,ON,0.0,SFMTA,22.0,321352,U,U5,N,-,-,-,-,606,-,321.0,BALBOA ST,3536.0,2,2681000,0.0,-122.497094901,37.7757944994,,,,,,,B-4,85S4,,,,POINT (-122.49708 37.77579),8,8,8,4,29,"LINESTRING (43882.61747201681 26858.99828186158, 43850.94802662081 26864.04752947293)",6,396956434,6913144674,65349691,6.8450101644430426
134,5252106,103098,321-34230,-,0,N,ON,0.0,SFMTA,22.0,321341,M,-,Y,SS,IPS,M5,Grey,606,Area 3,321.0,BALBOA ST,3423.0,2,2680000,180.0,-122.495975699,37.7757080988,,,,,119,119-1,B-4,5QIG,,Balboa St: 3200 - 3600,Balboa (Outer),POINT (-122.495964 37.775703),8,8,8,4,29,"LINESTRING (43967.43360756812 26863.84003947808, 43949.54480512884 26854.40860860379)",6,396956434,6913144674,65349691,8.396030122009185
135,5249429,113268,137-06640,-,0,N,ON,0.0,SFMTA,22.0,137062,M,-,Y,SS,IPS,M5,Grey,606,Area 3,137.0,37TH AVE,664.0,2,1822000,90.0,-122.4972702002,37.7759702009,,,,,119,119-2,B-4,4IWG,,Balboa St: 3200 - 3600,Balboa (Outer),POINT (-122.49725 37.775967),8,8,8,4,29,"LINESTRING (43824.06886337186 26959.53186605287, 43835.51405486115 26883.55696131543)",6,396956434,6913144674,65349691,7.125018167361602
136,5250689,109609,321-34120,321-34002,12,N,ON,0.0,SFMTA,22.0,321342,M,-,Y,MS,MacKay,Elite,Grey,606,Area 3,321.0,BALBOA ST,3412.0,2,2680000,0.0,-122.4955257026,37.7758661982,,,,,M-119,M-119,B-4,7UUL,,Balboa St: 3200 - 3600,Balboa St: 3200 - 3700,POINT (-122.495514 37.77586),8,8,8,4,29,"LINESTRING (43967.43360756812 26863.84003947808, 43989.19799321827 26871.93714734014)",6,396956434,4021168167,65349683,6.842884695477868
137,5252324,122592,321-37190,321-37001,19,N,ON,0.0,SFMTA,22.0,321371,M,-,Y,MS,MacKay,Elite,Yellow,606,Area 3,321.0,BALBOA ST,3719.0,2,2683000,180.0,-122.4988479169,37.7755767983,,,,,M-119,M-119,B-4,4FE5,,Balboa St: 3200 - 3600,Balboa St: 3200 - 3700,POINT (-122.49883 37.775574),8,8,8,4,29,"LINESTRING (43688.36901364887 26847.90401078338, 43696.49502496006 26839.96343598197)",6,225840316,65341548,65329573,8.391019590557052
138,5244878,123550,321-36170,-,0,N,ON,0.0,SFMTA,22.0,321361,M,UV,Y,SS,IPS,M5,Grey,606,Area 3,321.0,BALBOA ST,3617.0,2,2682000,180.0,-122.497852016,37.7756223351,,,,,119,119-1,B-4,2MPG,,Balboa St: 3200 - 3600,Balboa (Outer),POINT (-122.49784 37.775616),8,8,8,4,29,"LINESTRING (43777.02225351708 26852.96930022991, 43784.23655650995 26844.97234833431)",6,225840316,6913144663,65329573,8.395613418577618
139,5252319,100247,321-36160,321-36002,16,N,ON,0.0,SFMTA,22.0,321362,M,-,Y,MS,MacKay,Elite,Yellow,606,Area 3,321.0,BALBOA ST,3616.0,2,2682000,0.0,-122.4977818986,37.7757631008,,,,,M-119,M-119,B-4,6ZZH,,Balboa St: 3200 - 3600,Balboa St: 3200 - 3700,POINT (-122.49777 37.775757),8,8,8,4,29,"LINESTRING (43777.02225351708 26852.96930022991, 43790.42188264056 26860.59320087412)",6,225840316,6913144663,65296066,6.846809718423307
140,5250697,114118,321-36030,-,0,N,ON,0.0,SFMTA,22.0,321361,U,U8,N,-,-,-,-,606,-,321.0,BALBOA ST,3603.0,2,2682000,180.0,-122.4974759398,37.7756395294,,,,,,,B-4,6GTO,,,,POINT (-122.49746 37.775635),8,8,8,4,29,"LINESTRING (43777.02225351708 26852.96930022991, 43817.36984689889 26846.86391162566)",6,396956434,6913144674,65349691,8.397926186246256
141,5249557,127253,137-07070,-,0,N,ON,0.0,SFMTA,22.0,137071,M,-,Y,SS,IPS,M5,Grey,606,Area 3,137.0,37TH AVE,707.0,2,1823000,270.0,-122.4973601995,37.7753759016,,,,,119,119-1,B-4,6H48,,Balboa St: 3200 - 3600,Balboa (Outer),POINT (-122.497345 37.77537),8,8,8,4,29,"LINESTRING (43835.82227408583 26752.36293662785, 43827.55175149538 26817.59789673989)",6,8916406,65296069,65296066,4.560809552213287
142,5250688,128160,321-34080,321-34002,8,N,ON,0.0,SFMTA,22.0,321342,M,-,Y,MS,MacKay,Elite,Grey,606,Area 3,321.0,BALBOA ST,3408.0,2,2680000,0.0,-122.4954469015,37.7758698025,,,,,M-119,M-119,B-4,7UUL,,Balboa St: 3200 - 3600,Balboa St: 3200 - 3700,POINT (-122.49543 37.775864),8,8,8,4,29,"LINESTRING (43967.43360756812 26863.84003947808, 43996.14054342816 26872.333823337)",6,396956434,4021168167,65349683,6.843037252189416
143,5252876,115862,321-32030,-,0,N,ON,0.0,SFMTA,22.0,321321,U,U1,N,-,-,-,-,606,-,321.0,BALBOA ST,3203.0,2,2678000,180.0,-122.4931913621,37.7758353284,,,,,,,B-4,57ZS,,,,POINT (-122.49318 37.77583),8,8,8,4,29,"LINESTRING (44160.30248257337 26874.81949057737, 44194.8511837352 26868.4132817654)",6,396956434,65333137,65299624,8.35888321261349
144,5252877,106015,321-32100,-,0,N,ON,0.0,SFMTA,22.0,321322,M,-,Y,SS,IPS,M5,Green,606,Area 3,321.0,BALBOA ST,3210.0,2,2678000,0.0,-122.4934950022,37.7759590027,,,,,119,119-2,B-4,5EX2,,Balboa St: 3200 - 3600,Balboa (Outer),POINT (-122.493484 37.775955),8,8,8,4,29,"LINESTRING (44160.30248257337 26874.81949057737, 44168.10694461622 26882.15266271702)",6,396956434,65333137,65299624,6.877883397399181
145,5252103,124752,321-34140,321-34002,14,N,ON,0.0,SFMTA,22.0,321342,M,-,Y,MS,MacKay,Elite,Grey,606,Area 3,321.0,BALBOA ST,3414.0,2,2680000,0.0,-122.4955647008,37.7758643989,,,,,M-119,M-119,B-4,7UUL,,Balboa St: 3200 - 3600,Balboa St: 3200 - 3700,POINT (-122.49555 37.77586),8,8,8,4,29,"LINESTRING (43967.43360756812 26863.84003947808, 43985.76216494117 26871.73911059775)",6,396956434,4021168167,65349683,6.841087934386011
146,5252101,134105,321-33310,-,0,N,ON,0.0,SFMTA,22.0,321331,M,-,Y,SS,IPS,M5,Grey,606,Area 3,321.0,BALBOA ST,3331.0,2,2679000,180.0,-122.4949538592,37.7757548038,,,,,119,119-1,B-4,4DVQ,,Balboa St: 3200 - 3600,Balboa (Outer),POINT (-122.49494 37.77575),8,8,8,4,29,"LINESTRING (44050.17484438527 26868.56148475659, 44039.57130132626 26859.54877866163)",6,396956434,6913144675,4021168166,8.397660126150662
147,5240746,134079,321-33130,321-33001,13,N,ON,0.0,SFMTA,22.0,321331,M,-,Y,MS,MacKay,Elite,Grey,606,Area 3,321.0,BALBOA ST,3313.0,2,2679000,180.0,-122.4944061427,37.7757798303,,,,,M-119,M-119,B-4,5XEL,,Balboa St: 3200 - 3600,Balboa St: 3200 - 3700,POINT (-122.49439 37.775776),8,8,8,4,29,"LINESTRING (44087.29669316481 26870.66927152633, 44087.82636949324 26862.30349511129)",6,396956434,6913144675,6913144662,8.38235448573961
148,5250811,128161,138-06640,-,0,N,ON,0.0,SFMTA,22.0,138062,M,-,Y,SS,IPS,M5,Grey,606,Area 3,138.0,38TH AVE,664.0,2,1848000,90.0,-122.4983386022,37.7759737995,,,,,119,119-2,B-4,GRHK,,Balboa St: 3200 - 3600,Balboa (Outer),POINT (-122.49833 37.77597),8,8,8,4,29,"LINESTRING (43729.61532467276 26954.14161500292, 43741.3884620047 26884.00448843208)",6,8918512,65329573,65308567,7.741822374609404
149,5252021,100914,321-32230,-,0,N,ON,0.0,SFMTA,22.0,321321,M,-,Y,SS,IPS,M5,Grey,606,Area 3,321.0,BALBOA ST,3223.0,2,2678000,180.0,-122.4938146991,37.7758067985,,,,,119,119-1,B-4,6C3I,,Balboa St: 3200 - 3600,Balboa (Outer),POINT (-122.493805 37.775803),8,8,8,4,29,"LINESTRING (44160.30248257337 26874.81949057737, 44139.93385496539 26865.27220378242)",6,396956434,6913144662,65299624,8.374537443757076
150,5256687,100930,321-35030,-,0,N,ON,0.0,SFMTA,22.0,321351,M,-,Y,SS,IPS,M5,Grey,606,Area 3,321.0,BALBOA ST,3503.0,2,2681000,180.0,-122.4964644981,37.7756857973,,,,,119,119-1,B-4,66PS,,Balboa St: 3200 - 3600,Balboa (Outer),POINT (-122.49645 37.77568),8,8,8,4,29,"LINESTRING (43882.61747201681 26858.99828186158, 43906.48041371468 26851.95457769882)",6,396956434,6913144674,65349691,8.391552875783336
151,5256691,101855,321-36060,321-36002,6,N,ON,0.0,SFMTA,22.0,321362,M,-,Y,MS,MacKay,Elite,Grey,606,Area 3,321.0,BALBOA ST,3606.0,2,2682000,0.0,-122.4975739995,37.7757726003,,,,,M-119,M-119,B-4,6ZZH,,Balboa St: 3200 - 3600,Balboa St: 3200 - 3700,POINT (-122.49756 37.77577),8,8,8,4,29,"LINESTRING (43777.02225351708 26852.96930022991, 43808.73829959863 26861.63824268622)",6,396956434,6913144674,65296066,6.844898784379987
152,5256693,108580,321-36190,-,0,N,ON,0.0,SFMTA,22.0,321361,M,-,Y,SS,IPS,M5,Grey,606,Area 3,321.0,BALBOA ST,3619.0,2,2682000,180.0,-122.4979087953,37.7756197391,,,,,119,119-1,B-4,57AS,,Balboa St: 3200 - 3600,Balboa (Outer),POINT (-122.497894 37.775616),8,8,8,4,29,"LINESTRING (43777.02225351708 26852.96930022991, 43779.23415130845 26844.6867711438)",6,225840316,6913144663,65329573,8.395256585533357
153,5256690,108579,321-35240,321-35004,24,N,ON,0.0,SFMTA,22.0,321352,M,-,Y,MS,MacKay,Elite,Grey,606,Area 3,321.0,BALBOA ST,3524.0,2,2681000,0.0,-122.4968520997,37.7758056027,,,,,M-119,M-119,B-4,77P9,,Balboa St: 3200 - 3600,Balboa St: 3200 - 3700,POINT (-122.49684 37.7758),8,8,8,4,29,"LINESTRING (43882.61747201681 26858.99828186158, 43872.33939428373 26865.26917560103)",6,396956434,6913144674,65349691,6.846173691702754
154,5257498,107328,321-36300,321-36004,30,N,ON,0.0,SFMTA,22.0,321362,M,-,Y,MS,MacKay,Elite,Grey,606,Area 3,321.0,BALBOA ST,3630.0,2,2682000,0.0,-122.4980092996,37.7757527017,,,,,M-119,M-119,B-4,2HY5,,Balboa St: 3200 - 3600,Balboa St: 3200 - 3700,POINT (-122.49799 37.77575),8,8,8,4,29,"LINESTRING (43777.02225351708 26852.96930022991, 43770.38729493404 26859.44923215704)",6,225840316,6913144663,65329573,6.84800456872475
155,5257499,118010,321-36380,321-36004,38,N,ON,0.0,SFMTA,22.0,321362,M,-,Y,MS,MacKay,Elite,Grey,606,Area 3,321.0,BALBOA ST,3638.0,2,2682000,0.0,-122.4981659015,37.7757454988,,,,,M-119,M-119,B-4,2HY5,,Balboa St: 3200 - 3600,Balboa St: 3200 - 3700,POINT (-122.49815 37.77574),8,8,8,4,29,"LINESTRING (43777.02225351708 26852.96930022991, 43756.59027652332 26858.65685367409)",6,225840316,6913144663,65329573,6.844261836935536
156,5256689,111701,321-35220,321-35004,22,N,ON,0.0,SFMTA,22.0,321352,M,-,Y,MS,MacKay,Elite,Grey,606,Area 3,321.0,BALBOA ST,3522.0,2,2681000,0.0,-122.4968020988,37.7758078993,,,,,M-119,M-119,B-4,77P9,,Balboa St: 3200 - 3600,Balboa St: 3200 - 3700,POINT (-122.49679 37.775803),8,8,8,4,29,"LINESTRING (43882.61747201681 26858.99828186158, 43876.74459136451 26865.52187679028)",6,396956434,6913144674,65349691,6.847534924801381
157,5256688,115406,321-35210,-,0,N,ON,0.0,SFMTA,22.0,321351,M,-,Y,SS,IPS,M5,Grey,606,Area 3,321.0,BALBOA ST,3521.0,2,2681000,180.0,-122.4969887023,37.7756618027,,,,,119,119-1,B-4,2DG4,,Balboa St: 3200 - 3600,Balboa (Outer),POINT (-122.49698 37.775658),8,8,8,4,29,"LINESTRING (43882.61747201681 26858.99828186158, 43860.29671357788 26849.31441596696)",6,396956434,6913144674,65349691,8.396703366842912
158,5257497,134372,321-36270,-,0,N,ON,0.0,SFMTA,22.0,321361,M,-,Y,SS,IPS,M5,Grey,606,Area 3,321.0,BALBOA ST,3627.0,2,2682000,180.0,-122.4981681975,37.7756078792,,,,,119,119-1,B-4,E81Q,,Balboa St: 3200 - 3600,Balboa (Outer),POINT (-122.49815 37.775604),8,8,8,4,29,"LINESTRING (43777.02225351708 26852.96930022991, 43756.38013290535 26843.38214243131)",6,225840316,6913144663,65329573,8.39356550257556
159,5256692,122586,321-36080,321-36002,8,N,ON,0.0,SFMTA,22.0,321362,M,-,Y,MS,MacKay,Elite,Grey,606,Area 3,321.0,BALBOA ST,3608.0,2,2682000,0.0,-122.4976173004,37.7757705998,,,,,M-119,M-119,B-4,6ZZH,,Balboa St: 3200 - 3600,Balboa St: 3200 - 3700,POINT (-122.497604 37.775764),8,8,8,4,29,"LINESTRING (43777.02225351708 26852.96930022991, 43804.92338401637 26861.41814235855)",6,396956434,6913144674,65296066,6.842860166207833
